SMILES,Masse_Molaire
OCc1cccs1,114.16554
C1=C(c2c[nH]c3ccccc23)CNCC1,198.26366
CCC(NC)C(=O)NC1CC(=O)OC1O,216.23434
CCc1ccccc1S,138.22999
c1ccc(CNc2ncnc3ccccc23)cc1,235.28381
NS(=O)(=O)c1cccs1,163.21799
C#CCN(C)C,83.13166
ONc1ccccc1,109.12588
CC1N=C(N)OC1C,114.1457
CCCCN/C(=N/C#N)NCC,168.23944
O=C(Nc1ccccc1)c1cccnc1,198.22059
C=Cc1c(C)ncc(C#N)c1Nc1ccc2[nH]ccc2c1C,288.34644
CC(=O)C(F)(F)CN,123.10128
c1ccc(Nc2nccc(-c3ccccc3)n2)cc1,247.29452
O=C(NO)C1(S)CCOCC1,177.22144
CC(C)(Cc1ccc2ccccc2c1)NCC(O)CO,273.37001
CNCC(O)CCN,118.17746
CCC(C(=O)NO)N(C)S,164.22598
OC1CCCOC1SNCc1ccccc1,239.33388
O=c1[nH]c2ccccc2c2c1CSCC2,217.28684
CC1SC(C)C(O)C(O)C1O,178.24926
NC(=O)c1cccc2c[nH]nc12,161.16067
NC(=O)CC(O)C(F)(F)F,157.09114
CC1CCC(C(C)C)C(NC(=O)Oc2ccccc2)C1,275.3859
CCC(O)C(COC)NC(=O)c1c(F)cccc1F,273.27578
CC(=O)NC1C(N)CC=CC1N(C)C,197.27735
CC(C)C(CS)C(N)=O,147.23852
CNC(CO)C(=O)O,119.11916
OC(Cc1ccccn1)c1ccccc1,199.24842
CN(C)CC(=O)O,103.11976
CC(C)=CC(=O)O,100.11582
CN1CCCC1C(=O)NCc1ccccc1,218.29482
CNCCO,75.10965
NC1=NC(N)=NCC1,112.13311
CC(=O)CC(Nc1ccccc1)c1ccccc1,239.31228
OCc1c[nH]cn1,98.10324
Cc1c[nH]c2ncnc(N)c12,148.16522
Cc1ccc(O)c(O)c1,124.13722
O=c1[nH]ccc2ccccc12,145.15797
CNCC(=O)O,89.09318
CCN(O)C(N)=O,104.10782
CCc1c[nH]cn1,96.13042
CC1=NCNC(c2ccccc2)=C1CN,201.2676
Oc1cccc2c1NCS2,153.20157
Cc1ccc(O)c2[nH]c(=O)sc12,181.21168
CNCCNCc1ccc2c(c1)OCC=C2,218.29482
O=S(=O)(NO)c1ccccc1,173.18968
CCCCNC(=O)CCC,143.22667
CCn1c(NC(=O)c2ccccc2)nc2ccccc21,265.3098
CC1=C(C(=O)O)C(c2ccccc2)C(C(=O)O)=C(C)N1,273.2839
O=C(O)C(c1ccccc1)C1CCCCN1,219.27958
CNC(C)C(=O)O,103.11976
Oc1ccc2c(c1O)CCCC2,164.20108
Oc1ccc2c(c1O)-c1ccccc1CC2,212.24388
CCN1CCNC1=O,114.1457
NCCc1ccccc1,121.17964
CC(N)Cc1c[nH]c2ccc3c(c12)CCCO3,230.30552
CSC(C(N)=O)C(C)C,147.23852
CC/N=C(/N)N[N+](=O)[O-],132.12122
CCC(C(=O)O)N(C)S,149.21134
CCC(NC)C(O)CC(C)C,159.26914
NCCC(O)c1ccccc1,151.20561
CCCC(=O)NC(C)CCC,157.25325
OC1CCC2C(=CCC3CCCCC32)C1,206.32388
CNCC1=NCCN1,113.16094
CCCCNCCOC,131.21598
CCSc1nc(-c2ccccc2)c(-c2ccccc2)[nH]1,280.38734
COC(C)C1=NCCN1,128.17227
C=NC(C(=O)O)C(C)O,131.12985
CC(C)/N=C(\S)Nc1ccccc1,194.29656
NC1CC1c1c[nH]c2ccccc12,172.22637
Cc1cc(O)c(C(=O)c2ccccc2)c(O)c1,228.24328
O=C(NO)C1CCCN1,130.14509
CNCC(C)NCC(O)c1ccccc1,208.3
Cc1cc(O)nc2ccccc12,159.18456
CCCC(=O)NC,101.14694
O=C(O)/C=N/O,89.05012
CCO/C(O)=C1\C(C)=NC=CC1c1ccccc1,243.30098
COC(C(=O)O)c1ccccc1,166.17389
c1ccc(CNc2ccccc2)cc1,183.24902
CC1OC=CC=C1C(=O)O,140.13662
OC1CC2CCC(C1)N2,127.18422
c1ccc(-c2cccc3cc[nH]c23)cc1,193.24384
OCC1CNCCO1,117.14633
CCCCNCc1ccccc1,163.25938
O=C(Nc1nccs1)c1ccccc1,204.24832
Clc1cccnc1Nc1cccnc1,205.64361
CC1=CCOc2nc(C(F)F)[nH]c(=O)c21,214.16882
Oc1cccc2c1NCC=C2,147.17385
Cc1ccc(O)c2[nH]c(=O)ccc12,175.18396
CCCCNCc1cccnc1,164.24743
O=C(O)c1cn[nH]c1,112.08676
C#CCCC,68.11702
c1nc(C2CC2)c[nH]1,108.14112
OC(c1ccccc1)(c1ccccc1)C1CCNCC1,267.36544
c1ccc(-c2ncc[nH]2)cc1,144.17321
COCCN,75.10966
Cc1ccc2c(N)n[nH]c2c1,147.17716
CC(C)(O)c1c[nH]cn1,126.1564
c1cc2c3c(c[nH]c3c1)CCC2,157.21174
C1=NCNC(NCCNC2CCOCC2)=C1,224.3027
O=C1c2ncccc2CCN1O,164.16131
CCOC(N)=O,89.09317
CC(C)CC(=O)O,102.1317
CCCCNC(=O)C(C)CC,157.25326
CCC(N)C(O)CC(C)C,145.24255
CCC(O)C(N)CC(C)C,145.24255
O=c1[nH]c2ccccc2o1,135.1201
C#CCNC,69.10508
CCCCNC(=O)OCC,145.1995
CC(C)CN(O)C=O,117.14634
O=C(Nc1ccccc1)Nc1cccnc1,213.23524
O=C(NCc1cccnc1)c1ccccc1,212.24718
CCC1C(O)CC(=O)C1C,142.19556
O=C(NC1CC1)c1ccccc1,161.20043
COCC(=O)NO,105.09258
CCC(NC)C(=O)Nc1ccccc1,192.25753
C/C=C/C(=O)NO,101.10388
C=CC(=O)NO,87.0773
CC(C)(N)Cc1cc2ccccc2[nH]1,188.26884
Nc1nc(N)c2ccccc2n1,160.17592
CCCCNc1c2c(nc3ccccc13)CCCC2,254.36998
CCC1(OC)C(=O)NC(=O)C(N)C1=O,200.19188
CC1(O)CNC(=O)C(N)C1=O,158.15519
CC1CC(O)CC(=O)O1,130.1418
OCC1OCCCC1O,132.15768
Nc1ccc2ccccc2n1,144.17321
CC(O)CC(O)CC(=O)O,148.15708
O=C(Nc1ccccc1)Nc1ccccc1,212.24718
Cc1cccc(NC(=O)Nc2ccccc2)c1,226.27376
Oc1cc(Br)c2ocnc2c1,214.01616
CN(C)c1ccnc2c1NC(=O)CN2c1ccccc1,268.31374
CC1(O)CCCN(S)C1C(N)=O,190.26326
Nc1nonc1-c1nc2cnccc2[nH]1,202.17283
CCC(O)C(Cc1ccccc1)NC(=O)OC(C)(C)C,279.37459
CCC1C(=O)Nc2ccccc2N1S,208.28007
Nc1ccccc1C(=O)NO,152.15061
O=C(NO)c1ccccc1,137.13597
CCc1cccc(OC)c1O,152.19038
Cc1nccc(-c2ccccc2)c1CN,198.26366
COC(CN)c1ccccc1,151.20561
COc1ccccc1O,124.13722
Cc1cccc2[nH]ccc12,131.17446
CCNC(=O)NCC,116.16158
CC(N)Cc1ccccc1,135.20622
Cc1ccc2c(c1)NC(=O)C21CCOCC1,217.2637
O=C(O)CC1(c2ccccc2)C2CCCC1CCC2,258.35538
Nc1ccnc(N)n1,110.11724
CCc1cnc(N)nc1N,138.1704
CNC(=O)c1cnccn1,137.13927
N#C/N=C(\NCCCN)c1ccccn1,203.24372
O=C(NC1CCCCCC1)C1CCNCC1,224.34246
NC(=O)C1=C(N)CCS1,144.19482
CC(C)(CO)C(=O)O,118.13109
CCCC(=O)NO,103.11976
CC(C)C(=O)NCC1CC1C,155.23737
C/C=C1\SC(=O)NC1=O,143.1637
c1ccc(NC2CCC2)nc1,148.20498
OCCc1ccccc1,122.1644
O=C(Nc1ccccc1)Nc1cccc(F)c1,230.23764
CNC(CO)C(C)C,117.1894
Cc1cccc(Nc2cc(=O)[nH]c(=O)[nH]2)c1,217.22394
Cc1cc[nH]c1C(=O)O,125.12528
Nc1ncnc2[nH]cc(-c3ccccc3)c12,210.2346
Nc1cccc2[nH]ccc12,132.16252
c1cn2nc(NCC3CC3)ccc2n1,188.22908
CNC(=O)C(Cc1ccccc1)NC(=O)OC(C)(C)C,278.34677
NCc1ccccc1O,123.15246
Cc1nsc(NC(=O)C2CC2C)c1C,210.29595
COCC(O)CO,106.1204
OCC(O)CO,92.09382
CC12CCCCC1CCC2O,154.24932
CNC(=O)CNC(=O)c1ccccc1N,207.22912
CNCCNC(C)=O,116.16158
CC1CCCCC1C(=O)NCC#N,180.24684
C=NCCO,73.09377
O=C(O)CC1CCOC1,130.14179
CN(C)C1CCCC1Nc1nc(N)ncc1C(F)(F)F,289.30002
FCCNc1ccccc1,139.1701
Nc1ccccc1S(N)(=O)=O,172.20492
O=C(O)Cn1cnc2ccccc21,176.17202
Cc1ccccc1CN,121.17964
Cc1ccccc1CO,122.1644
O=S(=O)(NCc1ccccc1)c1ccccc1,247.31282
c1ccc(-c2nnn[nH]2)cc1,146.14934
Oc1c(C2=NCCN2)cccc1-c1ccccc1,238.28446
NS(=O)(=O)Nc1ccccc1,172.20492
CCNS(=O)(=O)Nc1ccc2c(c1)SN=CN2,272.34717
CN1CCC(NC(=O)OC(C)(C)C)C1,200.27799
OC(c1cncs1)(C(F)(F)F)C(F)(F)F,251.14953
CCCCNS(=O)(=O)c1ccccc1,213.2966
NCCNS,92.16332
C/C(=N/O)C(=O)O,103.07669
NC(=O)CC1NCc2ccccc21,176.21508
C#CCOC,70.08984
CC1CCCN1C(=S)Nc1ccccc1,220.33384
CCOS(N)(=O)=O,125.14687
c1ccc(CNc2ncnc3[nH]cnc23)cc1,225.24923
c1nc(NC2CCCC2)c2nc[nH]c2n1,203.24372
NC(=O)c1ccccc1N,136.15122
Cn1c(=O)[nH]c(=O)c2nc(-c3ccccc3)[nH]c21,242.2334
CCC(NC)C(=O)NCCNC,173.25595
CCCC(NC(=O)c1ccccc1)C(=O)O,221.2524
NC(=O)Cc1nc(N2CCOCC2)cc(=O)[nH]1,238.24316
O=C(NCCc1ccccc1)c1ccccc1,225.2857
O=C(NCc1ccccc1)c1ccccc1,211.25912
O=C(NCCN1CCOCC1)c1ccccc1,234.29422
CN1CCNC(=O)C1,114.1457
CC1CCCCC1C(=O)NC1(C#N)CC1,206.28412
O=C(Nc1ccccc1)N1CCNCC1,205.2563
COCC1CCN1,101.14694
COCC(O)C(C)(C)C,132.20074
CC1CC1C(N)=O,99.13106
C=NC(C)CO,87.12036
C1=CC2CNCC(C1)C2,123.19552
CCC(NC)C(=O)NC(Cc1ccccc1)C(=O)NC,277.36201
CNCC(N)=O,88.10842
COc1ccc(S)cc1NC1CCNCC1,238.34912
CC1=NC(C)(C2CC2)N=C1N,151.20892
C#Cc1c(C)nc(N)nc1N,148.16522
Nc1ccnc(Nc2ccccc2)n1,186.2132
Nc1cccc(NC(=O)c2ccccc2)c1,212.24718
CCC(OC)C(=O)Nc1ccccn1,194.23035
CN1CCCC1C(=O)NCc1ccccc1Cl,252.73988
CN1CNCC1C(=O)NCc1ccccc1Cl,253.72793
O=C(Cc1cn[nH]c1)NCc1ccccc1Cl,249.69618
CN1CCCC1C(=O)NCc1ccccc1F,236.28528
CNc1nccc(Cl)c1NC(=O)CC#N,224.64695
CC#CC(C)NC(C)=O,125.16834
CC(NS)C(=O)O,121.15818
CCCC(NC(=O)OCC)C(=O)C(N)=O,216.23434
O=S(=O)(Nc1ncns1)c1ccccc1,241.29007
O=S(=O)(Nc1ncns1)c1ccccc1F,259.28054
O=S(=O)(Nc1nccs1)c1ccccc1,240.30202
NC(=O)c1cccs1,127.1643
CC(C)(C)c1cccc(C(C)(C)C)c1O,206.32387
O=C(Nc1ccccc1)N1CCCCC1,204.26824
O=S(=O)(NCCc1ccccc1)c1ccccc1,261.3394
OC(c1ccccc1)C1CCNC1,177.2429
CNC(=O)C(c1ccccc1)N1CCNCC1,233.30946
CN1C(=O)C2(CCOCC2)N=C1N,183.20772
CCCCS,90.18719
CS(=O)(=O)C1=C(Cl)NC2SC=CN12,238.71498
CC1CN(C)CCN1,114.18875
C=C(C)CC(=O)NO,115.13046
CNC(CO)c1ccccc1,151.20561
Nc1ncnc2[nH]cnc12,135.1267
CC(=O)N=C(N)N,101.10718
CC(C)C(NC(=O)C1CCCN1C)C(=O)C(F)(F)F,280.28666
CNC(=O)C(N)Cc1ccccc1,178.23096
CCN=C(N)N,87.12366
CNC(=O)C(C)(C)N,116.16158
CCC(NC)C(=O)O,117.14634
N#Cc1c[nH]c2ccccc12,142.15734
O=C(O)C1C2CCCC21,126.1531
OCC1(c2ccccc2)CC1,148.20167
Nc1nc(N)c2cccnc2n1,161.16397
CC(C)CC(O)C(N)CN,146.23061
COCC(O)CN1CCC2(CC1)Cc1ccccc1O2,277.35872
CC1=CC(c2ccccc2)C(C(=O)O)=C(N)O1,231.24722
CCC(O)CO,90.121
O=C(O)c1cccnc1,123.1094
CNc1ccccc1N,122.1677
O=c1[nH]c2ncccc2n1C1CCNCC1,218.25506
CC1(CS(N)(=O)=O)NC(=O)NC1=O,207.20766
Nc1ncnc2c1C(=O)NCCO2,180.16402
CS(=O)(=O)c1ccc(=O)[nH]n1,174.17774
CN1CCCC(N)C1,114.18875
CCNC(=O)NC(C)(C)C,144.21474
Nc1ccccc1C(=O)Nc1ccccc1,212.24718
COCC1=NCCN1,114.1457
O=C(Nc1ccccc1)N1CCCC1,190.24166
Cc1ccc(F)c(NC(=O)Nc2ccccc2)c1,244.26422
CNCC(O)CON,120.15028
CN(C)C1c2ccccc2OC(C)(C)C1O,221.29545
c1ccc2c(-c3ccncn3)c[nH]c2c1,195.21996
O=C(NO)C1=CCCS1,145.17958
CNC(=O)C1Cc2ccccc2CN1,190.24166
c1ccc(-c2nc3ccccc3[nH]2)cc1,194.2319
NC(=O)c1ccccc1,121.13658
CNC(=O)C(CS(C)(=O)=O)NC(c1ccccc1)C(F)(F)F,338.34588
O=C1NCCc2[nH]ccc21,136.15122
CC#CCNc1ccccc1,145.20104
CS(=O)(=O)Nc1ccccc1F,189.20732
COCC(NC(=O)C(C)(C)N)c1nnnn1C,242.27821
CCC(Nc1c(NC)c(=O)c1=O)c1ccccc1,244.28904
O=C(Nc1cccc2[nH]ncc12)NC1CCCC1,244.29234
Nc1cccc2[nH]ncc12,133.15058
OCC1=CNCC=C1,111.14176
CNC(=O)CNC(=O)c1ccccc1,192.21447
CC(O)C(=O)NO,105.09258
Nc1ncnc2[nH]ccc12,134.13864
OCC1OCCC1O,118.13109
CC1OC(n2ccnc2)C(O)C1O,184.19248
OC(c1ccccc1)C1CNCCO1,193.24229
CNC(=O)C(F)(F)C(C)=O,151.11138
CC(N)C(=O)C(N)=O,116.11851
NC(N)=NC1=NC=CCC1,138.1704
Cc1ccccc1S(N)(=O)=O,171.21685
CCc1c(-c2ccccc2)[nH]c2ccccc12,221.297
NC(CS)CC1CCCCC1,173.31886
CC1=CCNCC1,97.15824
CNC(C(=O)O)C(C)C,131.17292
CN(C)Cc1ccc(-c2ccccc2O)[nH]1,216.27893
c1ccc2c(c1)CCNC2,133.19034
O=S(=O)(Nc1nnc(S)s1)c1ccccc1,273.35508
NS(=O)(=O)c1nncs1,165.19411
CCCC(=O)NC(CCC)C(=O)O,187.23618
O=C(O)Cc1cscn1,143.1637
CCC1CN(c2ccccc2)NC1=O,190.24166
CCC(=O)C(=O)O,102.08863
O=C(c1cc[nH]c1)C1CSC(c2cccnc2)N1,259.32682
OCC1(CO)CCCO1,132.15768
Cc1noc(NS(=O)(=O)c2ccsc2C)c1Cl,292.76235
CCC(C(N)=O)(c1ccccc1)c1ccccc1,239.31228
O=C(CN1CNc2ccccc2C1)NO,207.22911
CN1CSC(C)(C)C1C(=O)NC(C)(C)C,230.37018
NC(N)=NC1C=COCC1,141.17104
CNC(CNC(=O)Oc1ccccc1)c1ccccc1,270.32632
Nc1nc(N)c2ncccc2n1,161.16397
CC(N)CC(=O)O,103.11976
CN1CCCC1C(=O)O,129.15704
O=C1Cc2c(O)ccc(Cl)c2N1,183.59174
CCC(CC)C(=O)NO,131.17291
O=C(NC1CCCCC1)Oc1ccccc1,219.27958
CCCC(C)(C)O,102.17476
c1ccc2c(c1)CCNCC2,147.21691
OC(c1ccccc1)(C(F)(F)F)C(F)(F)F,244.13375
NC(=O)c1ccccc1O,137.13597
O=C(NO)C1CC=NO1,130.10203
CCOC(=O)NC(CC(=O)O)C(=O)CO,219.19192
Nc1ccccn1,94.11454
Cc1ccccc1CNC(=O)C1CSCCN1C,264.3864
O=C(O)Cc1ccccc1,136.14792
c1ccc2[nH]ccc2c1,117.14788
COCC(N)Cc1ccccc1,165.2322
CCC(CS)C(N)=O,133.21193
CNC(CS)C(=O)O,135.18475
Nc1cccc(O)c1,109.12588
C/C=C/CNC(=O)c1cc2ccccc2[nH]1,214.26305
CCC(N)C(O)C(=O)NC,146.18755
CCC(SC)C(=O)O,134.1967
N#Cc1cnc2ccccc2c1Nc1cccc(Cl)c1,279.7237
Oc1ccccc1CNC1CCCNC1c1ccccc1,282.38008
Oc1ccc2ccsc2c1,150.19764
CN(S)CC(=O)NO,136.17282
NCC(=O)NO,90.08124
CSCCO,92.16001
CC(=O)/C=C(\O)C(=O)O,130.09874
C/C=C(\O)C(=O)O,102.08864
c1ccc(CCNCc2ccccc2)cc1,211.30218
CCC(CC)C(=O)NC1c2ccccc2CC1O,247.33273
CNC1c2ccccc2CC1O,163.21632
O=C(O)CC1CCCCC1,142.19556
O=C(O)c1ccccc1F,140.1118
O=C(NCc1ccccc1)C1C(=O)NCc2ccccc21,280.32114
C/C=C/C(=O)NC(C)CCC,155.23737
CNc1ccccc1O,123.15246
COCCNC(C)=O,117.14634
O=S(=O)(NNc1ccccc1)c1ccccc1,248.30088
O=S(=O)(Nc1ccccc1)c1ccccc1,233.28624
CCCCNC(=O)OC(C)(C)C,173.25265
CCCCNC(=N)N,115.17682
CCC(NC)C(=O)NCCc1ccccc1,220.31069
NC(=O)CCS,105.15877
NC(Cc1ccccc1)C(=O)N1CCCC1,218.29482
CCc1n[nH]c(=O)c2ccccc12,174.1992
CCOC(=O)NC(CC(C)C)C(=O)NC,216.2774
CN1N=C(NC(=O)C(C)(C)C)SC1(C)c1ccccc1,291.41173
CNC(CO)CO,105.13564
CNC1CCCNC1,114.18876
CNC1CCNC1,100.16218
c1cnc2[nH]ccc2n1,119.124
C/C=C/C(=O)O,86.08924
CCCCNC(=O)C(CC)NC,172.26789
O=C(NO)C1Cc2ccccc2CN1S,224.27948
O=C(NO)C1Cc2ccccc2CN1,192.21447
NC(=O)C1CNC1,100.11911
CC(=O)NCCN(C)C,130.18815
CN1CC(O)C(O)C(O)C1,147.17232
Cc1cccc(NS(=O)(=O)c2ccccc2)c1,247.31281
Cn1cc(NC(=O)Nc2ccccc2)cn1,216.23918
Oc1ccccc1Cl,128.5563
O=C(O)CC1C=CCC1,126.1531
CC(N)C(=O)NO,104.10781
CCC(NC)C(=O)NC(C)C(=O)NC,201.26606
CC(N)C(=O)C(=O)NC1CC1,156.18238
CC(N)C(=O)C(=O)NC(C)c1ccccc1,220.26764
CCN(CC)C(=O)Nc1c(SC)ccnc1SC,285.42875
c1ccc(-c2nn[nH]n2)cc1,146.14934
CCCCNC(=O)C(N)CC,158.24131
COCC(=O)Nc1ccccc1,165.18913
SN1CCNCC1,118.2006
Oc1cccc2[nH]ccc12,133.14728
CSCC(=O)O,106.14354
NCC(O)CO,91.10905
Cc1c2c([nH]c(=O)c1C#N)-c1ccccc1CC2,236.26858
CC(N)c1c(C(=O)O)[nH]c2cc(Cl)ccc12,238.67024
NC1=NC2(c3ccccc3)COCCC2CS1,248.34394
CC1CC1CN,85.14754
O=C(NC(c1ccccc1)C1CC1)c1ccccc1,251.32298
O=C(O)Cc1cncs1,143.1637
Cc1ccccc1S(=O)(=O)Nc1onc(C)c1C,266.31615
CNC1C(N)C=C(C)OC1C,156.22544
CC(O)C(O)CO,106.12039
O=C(O)C1=CCCCO1,128.12591
O=C1NC(=O)C(c2ccccc2)=C1Nc1ccccc1,264.27868
CCCC(NC(=O)Nc1ccccc1)C(=O)N(C)C,263.33544
CCC(NC)C(O)CN(C)S,178.29562
CC/N=C(\N)c1ccccc1,148.20498
CNC1=C(c2ccccc2)C(=O)NC1=O,202.20929
CN(C)C(=O)c1ccc[nH]1,138.1671
CCCC(NC(=O)OC(C)C)C(=O)C(N)=O,230.26092
CC1(C)SC2CCC2C1C(=O)O,186.27126
CNC(=O)C(NC(=O)CC(C)C)C(C)C,214.30457
CNC(=O)c1cc2ccccc2[nH]1,174.1992
O=C(Nc1ccccc1)Nc1cccc(Cl)c1,246.69224
CN(C)CCN,88.15148
CNCCN(C)C,102.17806
CCCC(=O)NCc1ccccc1,177.2429
O=C(O)c1ccccc1,122.12134
CCCCNC(=O)/N=N/C,143.18691
NC1CCC=CCC1=O,125.16834
Nc1ncc(Cl)c(NCc2ccccc2)n1,234.68483
CCC(=O)C(Cc1ccccc1)NC(=O)c1ccccc1,281.34896
CCCC(NC(=O)C(CC)NC)C(=O)NC,229.31921
CCCC(NC(=O)C(CC)NC)C(N)=O,215.29263
c1ccc2c(C3CCNCC3)c[nH]c2c1,200.27954
CC1CC=CC(NS(=O)(=O)ON)O1,208.23548
CN(C)C(=O)CNC(=O)c1cc2ccccc2[nH]1,245.27709
C/C=C/CNC1CC1,111.18481
CCN/C(N)=N/C(C)=O,129.16034
O=C1C=CCC1C(=O)Nc1ccccc1,201.22124
Cc1csc2ncnc(N)c12,165.21557
O=S(=O)(Nc1noc2ccccc12)C1CC1,238.263
Cc1cc(NC(=O)c2ccccc2)no1,202.2093
O=C(c1cc2ccccc2[nH]1)N1CCNCC1,229.2777
CCCS(=O)(=O)NCCOC,181.2532
CC(N)c1ccccc1,121.17964
NC1CSC(c2ccccc2)C(N)C1,208.32314
NC(=O)CC(=O)O,103.07669
O=c1[nH]nc2c3c(cccc13)N=CN2,186.17013
CNCC1=Nc2cccc3c2C(=NNC3)N1,215.25442
CC1(C)CCSC(N)=N1,144.23787
CN(Cc1cnc[nH]1)c1ccccc1,187.24102
CNc1ccccn1,108.14112
O=C(NC1CCCCC1)c1ccccc1,203.28018
Cc1nc(C)c2nc[nH]c2n1,148.16521
NCCC(N)=O,88.10842
CCC(C)(C(=O)NO)S(C)(=O)=O,195.23672
OC1CC(Nc2nc3ccccc3s2)C1,220.29078
CC1CCCC(O)C1,114.18546
CNC(C)C(C)(C)O,117.1894
c1ccc(C(Nc2cccnc2)C2CCCC2)cc1,252.3541
O=C(O)CCNC(=O)c1ccccc1,193.19924
NC1CCNCCC1F,132.17922
CN1CCCC1C(N)=O,128.17228
CN1CC(O)C1,87.12036
NOCCO,77.08247
CNCC(C)NC(=O)OC,146.18756
O=C(NC1CCCCC1)c1ccccc1Cl,237.72523
NC(=O)c1c[nH]c2ccccc12,160.17262
Cc1cccc(NCc2ccccc2)n1,198.26366
CC1(C)COCC(N)=N1,128.17228
NC(=O)N=C(N)N,102.09523
Nc1noc2ccccc12,134.13534
CC(NC(=O)Nc1cc2[nH]ncc2cn1)c1ccccc1,281.31249
O=C(NO)c1cncnc1,139.11209
CNC(CN)c1ccccc1,150.22085
CC1COC(N)=N1,100.11912
Nc1cc2[nH]nc(-c3ccncc3)c2cn1,211.22266
CCCC(NC(=O)OCC)C(=O)NC,202.25081
CC(C)(CN)CO,103.16282
O=C(O)c1c[nH]c(-c2ccccn2)c1,188.18272
CNC(=O)C(N)=O,102.09194
C#CC1CNC2CCOC12,137.17904
O=C(Nc1n[nH]c2c1CNC2)c1ccccn1,229.23793
O=C(NCC1CCC1)Nc1ccccn1,205.2563
O=C(NCc1ccccc1)Nc1cc2[nH]ncc2cn1,267.28591
Nc1ccc(-c2cccs2)cc1NC(=O)c1ccccc1,294.37086
COCC(=O)NC(C)c1ccccc1,193.24229
Cc1cccc2[nH]c(=O)c3sccc3c12,215.27095
COC(C(N)=O)c1ccccc1,165.18913
O=C(O)C1CCNCC1,129.15703
CNC(C(=O)O)C1CCCCC1,171.23678
O=C(O)c1scc2c1CNCN2,184.21562
NC1CCc2ccccc2C1Cc1ccccc1,237.33946
Cc1ccnc2[nH]c(C3CCNCC3)cc12,215.29418
Cc1ccc2nc[nH]c2c1,132.16252
O=C(NCC1CNCO1)c1cccs1,212.26877
Fc1ccccc1Nc1ncnc2ccccc12,239.2477
NCCS(N)(=O)=O,124.16211
CCCC(N)C(=O)O,117.14634
CC1CC(O)C1,86.1323
O=C1NCCCN2CCC=C12,152.19368
NC(=O)n1ccc2ccccc21,160.17262
CC(N)CCO,89.13623
Oc1c(F)cccc1F,130.09216
CN1CCC(O)C1,101.14694
OC1CCCCC1,100.15888
CN(C)CCO,89.13624
OC1(C(F)(F)F)c2ccccc2-c2ccccc21,250.21586
CC1(C)CC(NC(=O)Nc2ccccc2)c2ccccc2O1,296.3636
COC(C)(C)C(=O)O,118.13109
COC(C)C(=O)O,104.10452
Nc1cc[nH]c(=O)c1,110.11393
O=C(O)c1ccccn1,123.1094
CC1(C)CNCCC1(O)c1ccccc1,205.29606
CCCC(=N)NC(=O)Cc1ccccc1,204.26824
Cc1nc2ccccc2[nH]1,132.16252
OCCn1cccn1,112.12982
OCc1cccc2c1-c1ccccc1C2,196.24448
O=S(=O)(Nc1ccncn1)c1ccccc1,235.26235
O=S(=O)(Nc1ccccn1)c1ccccc1,234.2743
OCC1=CCCC=C1,110.1537
Oc1c(Cl)cccc1Cl,163.00136
Oc1c(F)cccc1Cl,146.54676
NC1=NC(c2ccccc2)CO1,162.1885
CN1CCCNCC1,114.18875
CC1CCNCC1,99.17412
c1ccc(Nc2nc3ccccc3[nH]2)cc1,209.24654
O=C(O)Cc1cn[nH]c1,126.11334
COC(=O)C(N)C(C)C,131.17291
CC(C)c1ccc(O)cc1O,152.19038
O=C(c1nc2ccccc2[nH]1)N1CCC1,201.22454
CC1(C)N=C(N)OC2CC21,140.18298
Cc1ccc2cc[nH]c2c1,131.17446
O=C(Nc1cc2ccccc2cn1)C1CC1,212.24718
O=C(c1ccccc1)c1nc2ccccc2[nH]1,222.242
c1ccc(Nc2nc3ccccc3s2)cc1,226.29689
Cc1cc(NC(=O)C2CCNC2)nn1-c1ccccc1,270.32962
CC(=O)NC(C)c1ccccc1,163.21632
NC(=O)Cc1ccccc1,135.16316
NC(=O)c1nccs1,128.15236
Cc1[nH]cnc1C(N)=O,125.12858
CC#CC(C)(O)C(=O)N1CCC1,167.20502
c1ccc2c3c(oc2c1)CCNC3,173.21113
CC(N)CCN,88.15148
CC(O)(c1ccccc1)c1ccccc1,198.26036
O=C(NC1CC1)c1cccs1,167.22815
c1ccc(Nc2nc3ccccc3o2)cc1,210.2313
CCNS(N)(=O)=O,124.16211
CN(C)CC(N)=O,102.135
CC(=O)NC(C)Cc1ccccc1,177.2429
CC(O)C1CNC(=O)C1,129.15704
O=C1CC(CO)CN1,115.13045
CC(C)CCO,88.14818
CC#CC(C)(C)O,98.143
OC1(c2nccs2)CCCc2ccccc21,231.31342
Nc1nc(NC2CC2)c2nccn2n1,190.20519
O=C1NC2(CCNCC2)Cc2c[nH]nc21,206.24435
Nc1cnccn1,95.1026
CC(C)(O)c1ccccn1,137.17904
CNCC(C)O,89.13624
c1ccc(Nc2cc(-c3ccccc3)n[nH]2)cc1,235.28382
CC#CCN,69.10508
NC1(c2ccccc2)CCC1,147.21691
O=C(O)c1ccccc1O,138.12073
Nc1ccc(C(=O)O)c(O)c1,153.13538
CN1CC(NC(=O)CNc2ncnc3ccccc23)C1,271.31768
CNC(=O)CNc1ncnc2ccccc12,216.23918
ClC1=C(CNc2ccccc2)C=CCC1,219.70996
C=CC(=O)C(=O)O,100.07275
O=C(O)C1C2CCC(CC1c1ccccc1)N2,231.29027
CNC(C)(C)C(=O)Nc1nc2ccc3[nH]ncc3c2s1,289.35609
CCC(C)C(N)CN(C)C,144.25779
NC(=O)c1ccc(O)cc1O,153.13537
CC1=CC(NC(C)(C)C)=NCCN1,181.27795
OCC1CCCCC1,114.18545
CC1CC1C(=O)O,100.11582
Cc1cccc(NC(=O)n2ccc3ccccc32)c1,250.29516
O=C(O)c1cscn1,129.13712
COCC1COC(=O)N1,131.12986
NC1(C(=O)O)CSC2CC21,159.20615
CCCCNC(=O)c1ccc2ccccc2c1,227.30157
CC(C(=O)O)c1ccccc1,150.1745
O=C(NC1CCNCC1)c1ccccc1,204.26823
Nc1cc(O)ccc1Cl,143.57094
CCCCNC(=O)Nc1ccccc1,192.25753
NC1=NC2(CCCCC2)NC(Nc2ccccc2)=N1,257.33416
O=C(Nc1ccccc1)Oc1ccccc1,213.23194
OC(C1CC=NO1)(C(F)(F)F)C(F)(F)F,237.09981
NCCCNc1c2c(nc3ccccc13)CCCC2,255.35804
CC#CC1(N)CCCCC1,137.2221
COCC(N)Cc1c[nH]c2ccccc12,204.26823
OCCNS,93.14808
NCC(C(=O)Nc1ccc2cnccc2c1)c1ccccc1,291.34708
C=C1Nc2ccccc2/C1=N\O,160.17262
NC(=O)c1cccnc1,122.12464
CCC(NC)C(=O)NCC#N,155.19761
C/C(=N\Nc1ccccc1)C1=Cc2ccccc2OC1,264.32174
O=C(Nc1ccccc1)Nc1ccon1,203.19736
Cc1cc(NC(=O)Nc2ccccc2)no1,217.22394
Cc1cccc(NS(C)(=O)=O)c1,185.24343
c1cnc2[nH]cc(-c3ccncn3)c2c1,196.20801
O=C(NCc1ccccc1)c1ccccn1,212.24718
O=C(Nc1ccccc1)c1ccccc1,197.23254
CC(C)CC(=O)NO,117.14634
C(=C1/CCNC1)/c1ccc[nH]1,148.20498
CC#CCO,70.08983
CNC(=O)C(NC)C(C)(C)C,158.24131
CN1CCCC12C(=O)NC(=O)NC2=O,197.19124
CCC1(CC)C(=O)Nc2ccccc21,189.25359
Nc1ccccc1C(=O)O,137.13597
CN(C)CC(O)C(F)(F)F,157.1342
CNCCC(C)O,103.16282
CON=C(N)N,89.09648
CCCCNC(C)=O,115.17352
Nc1nc(N)c2nccnc2n1,162.15203
CC1(C)OC(S)=Nc2ccccc21,193.26544
O=C(Nc1cccnc1)N1CCc2ccccc21,239.27252
CSCC(N)C(=O)O,135.18475
NC(CS)C(=O)O,121.15817
CC/N=C(\S)Nc1ccccn1,181.25803
CC(C)c1c(O)c2c(oc1=O)CCCCCC2,236.3068
CC1(C)c2ccccc2C2C(CO)NC(=O)C21,231.29027
C/C=C/C(O)CCC,114.18546
Oc1ccc2c(c1)C1CCNC(C2)C1,189.2536
O=C(NCC1(c2ccccc2)CCCC1)Nc1ccccc1,294.39078
CCCCN/C(N)=N/C(C)=O,157.2135
NCc1c[nH]c2c(=O)[nH]cnc12,164.16461
O=c1[nH]cnc2cc[nH]c12,135.12339
CCCC(N)=O,87.12036
CCC1(OC)C(=O)NC(=O)NC1=O,186.16529
Cc1cc[nH]c(=O)c1,109.12588
CSC(C)C(=O)O,120.17012
NCC1CCCO1,101.14693
CCCCO,74.1216
CC(C)CC(N)c1ccccc1N,178.27401
NC(=O)c1cccc2[nH]cnc12,161.16067
COCC(=O)NS(=O)(=O)c1cccs1,235.28066
Cc1cc(C)nc(N)c1,122.1677
CC1(C(=O)c2nc3ccc(N)cc3[nH]2)CCCCC1,257.33086
CC1(C)Cc2ncsc2C(=O)N1,182.24279
CCCCNC(=N)NC(C)=O,157.2135
CC(O)c1cnccc1N,138.1671
CNC(C(=O)O)C(C)O,133.14573
O=C(NCC1CC1)c1ccccc1,175.22702
CCc1c[nH]c2ncccc12,146.18909
CCNC(=N)N[N+](=O)[O-],132.12122
OCC1CCCNC1,115.17352
Cc1ccccc1C(=O)O,136.14792
CCCC(=O)NC1CC1O,143.18361
Cc1ccccc1C(=O)Nc1ccccc1,211.25912
c1cnc2[nH]ccc2c1,118.13594
Cc1cccc(NC(=O)c2ccccc2)c1,211.25911
CC(O)CC(O)CCN,133.1888
CC1CN(C)CC(C)N1,128.21534
NCCCO,75.10965
COc1ncccc1N/C(=N\C#N)NC(C)N,234.25776
NCC(N)C(=O)O,104.10781
Cc1cn(C)c(N)n1,111.14506
Nc1nc2c(s1)CCCC2,154.2327
CCCC(=O)O,88.10512
c1ccc(Nc2ccccc2)cc1,169.22244
CCC(NS)C(=O)O,135.18475
O=C(NN1CCOCC1)Oc1ccccc1,222.24046
COCC(=O)O,90.07794
O=C1NC(=O)C(c2ccccc2)S1,193.22238
CC(NC(=O)c1cccs1)c1ccccc1,231.31342
COc1cccc2[nH]c(=S)[nH]c12,180.22691
CCC(c1ccccc1)C(C)NC(=O)C(C)(C)OC,263.3752
CNCCC(C)N,102.17806
CNC(=O)C(C)N,102.135
CN1CCCC1CO,115.17351
CN(S)CC(=O)O,121.15818
OC(CNCCc1ccccc1)c1ccccc1,241.32816
Nc1cccc2[nH]c(-c3ccccc3)nc12,209.24654
C=C1N=C(NCc2ccccc2)NC1=O,201.22454
C/C=C(/CC)C(=O)O,114.1424
CNC1C(O)C=C(C)CC1N,156.22544
O=C(O)C1=CCCCC1,126.15309
Cc1cc(O)cc(O)c1,124.13722
Oc1ccccc1F,112.1017
OCc1ccccc1,108.13782
NCc1ccccc1,107.15306
Nc1ccccc1,93.12648
Cc1ccc(O)c(NS(C)(=O)=O)c1,201.24284
NC(=O)CC(S)C(F)(F)F,173.15674
CCC(C(=O)NC(C)C(=O)O)C(C)S,219.30118
CCn1c(=O)[nH]c(=O)c2nc(-c3ccccc3)[nH]c21,256.25998
CCCC(N)C(=O)NC,130.18815
CCCCN,73.13684
Oc1nc2ccccc2nc1O,162.14543
CC(C)C(NS(=O)(=O)c1ccccc1)C(=O)O,257.3061
CC(C)C(NS)C(=O)O,149.21134
CNCC(O)(CN(C)S)C(F)(F)F,218.24042
CC(NC(C)(C)C)C(=O)c1ccccc1,205.29606
CNCCNC,88.15148
NC(=O)CC(N)Cc1ccccc1,178.23096
Cc1nc(NCc2ccccc2)c2nc[nH]c2n1,239.27581
CC(C)C(=O)NO,103.11976
CN(C)C1CCNC1,114.18876
Oc1cc2c(cc1Cl)CCN=CN2,196.63356
CNC(=O)C(NC)C1CCCCC1,184.2786
CN1C(=O)C(c2ccccc2)(c2ccccc2)N=C1N,265.3098
O=C(Nc1ccccc1)Nc1cccc(-c2ccn[nH]2)c1,278.30856
NCc1c[nH]c2ccccc12,146.1891
COCC(O)c1ccccc1,152.19038
CN1CCC(NS(=O)(=O)/C=C/c2cccs2)C1=O,286.37045
Nc1nc2[nH]cnc2c(=O)[nH]1,151.12609
CCC(NC)C(=O)NC1(C#N)CC1,181.2349
Cc1ccnc2[nH]ccc12,132.16252
NC(=O)c1n[nH]c2c1CCCC2,165.19244
Cc1cc(Nc2ccccc2)n2ncnc2n1,225.24924
CNCC(O)c1cccc2c1OCCN2,208.25694
CC(C)N(O)C(N)=O,118.1344
CCC(C)(C)C(=O)O,116.15827
NC(=O)C1OC(n2cnc3cncnc32)C(O)C1O,265.22544
CC1(C)CCCC(C)(C)N1O,157.25326
C(#Cc1ncccn1)NCCc1ccccc1,223.27311
CC(C)CC(N)C(=O)O,131.17292
CCC(N)C(=O)O,103.11975
CCC(CC)C(=O)O,116.15827
c1ccc(C2=NCCN2)cc1,146.1891
O=C1C(CO)C2SCCN12,159.20616
COC(C(=O)O)C(C)(C)O,148.15708
CC(=O)/C(=N\c1ccccc1)NNc1ccccc1C,267.32568
CC(=O)Nc1ccccc1,135.16316
NS(=O)(=O)Oc1ccccc1,173.18968
CN1c2ccccc2C(=O)Nc2cccnc21,225.24594
CC1=NC(NC(=O)c2ccccc2)C(=O)Nc2ccccc21,293.3199
c1ccc(NC2CCNCC2)cc1,176.25814
CC(S)CC(=O)NO,135.18476
CC1(C)CC(=O)C(Sc2ccccc2)=C(O)O1,250.31345
NS(=O)(=O)C1=NCCS1,166.22193
C=NC1CC=CC(OC)C1NC(C)=O,196.24623
CCC1SC(=O)NC1=O,145.17957
NS(=O)(=O)C1=CCCS1,165.23388
c1cc2c3c(c1)ccn3CCNC2,172.22637
CCn1c(=O)cc(Nc2ccccc2)[nH]c1=O,231.25052
CNC1=NS(=O)N=C1N,146.17094
CC(C)C(C(=O)NO)N(C)S,178.25255
CC(C(=O)NO)N(C)S,150.19939
NS(=O)(=O)C1=NNCS1,167.21
c1ccc(NC2=NCCN2)cc1,161.20374
NCC(c1ccccc1)C1(O)CCCCC1,219.32264
